order_id,customer_id,amount,currency,status,created_at,updated_at
100000,C0057,114.43,USD,completed,2026-08-29T04:57:32+0000,2026-08-29T07:17:32+0000
100001,C0065,88.0,USD,completed,2026-08-29T04:43:32+0000,2026-08-29T07:26:32+0000
100002,C0025,97.58,USD,completed,2026-08-29T04:25:32+0000,2026-08-29T07:24:32+0000
100000,C0057,114.43,USD,completed,2026-08-29T04:57:32+0000,2026-08-29T07:17:32+0000
100001,C0065,88.0,USD,completed,2026-08-29T04:43:32+0000,2026-08-29T07:26:32+0000
100002,C0025,97.58,USD,completed,2026-08-29T04:25:32+0000,2026-08-29T07:24:32+0000
100000,C0057,114.43,USD,completed,2026-08-29T04:57:32+0000,2026-08-29T07:17:32+0000
100001,C0065,88.0,USD,completed,2026-08-29T04:43:32+0000,2026-08-29T07:26:32+0000
100002,C0025,97.58,USD,completed,2026-08-29T04:25:32+0000,2026-08-29T07:24:32+0000
